{"cameraMode":{"drawMode":0,"name":"Shaded","section":"Shading Mode"},"sceneLighting":true,"audioPlay":false,"sceneViewState":{"showFog":true,"showMaterialUpdate":false,"showSkybox":true,"showFlares":true,"showImageEffects":true,"showParticleSystems":true},"in2DMode":false,"pivot":{"x":5.182633399963379,"y":0.8850933313369751,"z":-25.520071029663087},"rotation":{"x":-0.10455748438835144,"y":0.7994531393051148,"z":-0.14570818841457368,"w":-0.573390543460846},"size":12.140463829040528,"orthographic":false}