{"cameraMode":{"drawMode":0,"name":"Shaded","section":"Shading Mode"},"sceneLighting":true,"audioPlay":false,"sceneViewState":{"showFog":true,"showMaterialUpdate":false,"showSkybox":true,"showFlares":true,"showImageEffects":true,"showParticleSystems":true},"in2DMode":false,"pivot":{"x":24.142271041870118,"y":110.94163513183594,"z":28.407928466796876},"rotation":{"x":0.007336693350225687,"y":0.9843276143074036,"z":-0.17150545120239259,"w":0.04258732125163078},"size":86.0223388671875,"orthographic":false}