{"cameraMode":{"drawMode":0,"name":"Shaded","section":"Shading Mode"},"sceneLighting":true,"audioPlay":false,"sceneViewState":{"showFog":true,"showMaterialUpdate":false,"showSkybox":true,"showFlares":true,"showImageEffects":true,"showParticleSystems":true},"in2DMode":false,"pivot":{"x":0.0002929568290710449,"y":0.8532886505126953,"z":-0.012049317359924317},"rotation":{"x":0.06046031787991524,"y":-0.8961506485939026,"z":0.1288491189479828,"w":0.42036786675453188},"size":3.3238890171051027,"orthographic":false}